id,contrast,homogeneity,energy,label
1,81.34468444,0.33313285,0.102505942,Halophila Ovalis
2,102.0657782,0.405231323,0.100766344,Thalassia Hemprichii
3,39.96151961,0.355086269,0.08691249,Thalassia Hemprichii
4,70.59290748,0.290997828,0.024439983,Halophila Ovalis
5,83.22400429,0.278217893,0.041277624,Halophila Ovalis
6,191.9382047,0.146434883,0.015597357,Enhalus Acoroides
7,97.50412071,0.345362713,0.090531066,Halophila Ovalis
8,35.23196998,0.335018353,0.027052252,Thalassia Hemprichii
9,73.31481311,0.385539901,0.12211148,Halophila Ovalis
10,32.04685968,0.454791241,0.11892354,Enhalus Acoroides
11,87.54739583,0.38930085,0.145637082,Halophila Ovalis
12,78.23376225,0.321238986,0.09090276,Halophila Ovalis
13,82.86663603,0.285723686,0.047134692,Halophila Ovalis
14,43.09604779,0.284608784,0.02387451,Thalassia Hemprichii
15,31.58458946,0.462221362,0.122880218,Enhalus Acoroides
16,89.89564951,0.293065634,0.123628148,Enhalus Acoroides
17,93.81620711,0.38604724,0.14664369,Halophila Ovalis
18,164.7960018,0.255181885,0.118522398,Enhalus Acoroides
19,82.93201593,0.284782442,0.044949715,Halophila Ovalis
20,100.1886489,0.372496073,0.135692737,Halophila Ovalis
21,98.21288297,0.380044774,0.141868079,Halophila Ovalis
22,40.81124387,0.278056879,0.022760297,Thalassia Hemprichii
23,38.6144761,0.341667506,0.070844576,Thalassia Hemprichii
24,38.76228554,0.259555782,0.02171874,Thalassia Hemprichii
25,41.39034926,0.402388552,0.062123161,Enhalus Acoroides
26,38.76228554,0.259555782,0.02171874,Thalassia Hemprichii
27,103.4221354,0.291041062,0.024274505,Halophila Ovalis
28,80.11191789,0.327006084,0.094316481,Halophila Ovalis
29,38.00376838,0.289373334,0.023586078,Thalassia Hemprichii
30,35.23196998,0.335018353,0.027052252,Thalassia Hemprichii
31,33.6796875,0.375259237,0.099329328,Thalassia Hemprichii
32,82.19413297,0.204526923,0.016914685,Halophila Ovalis
33,77.10696998,0.283840666,0.023974039,Halophila Ovalis
34,146.4359988,0.157759581,0.016509025,Enhalus Acoroides
35,67.58590686,0.21855039,0.017802025,Halophila Ovalis
36,30.72958027,0.346850487,0.027803138,Thalassia Hemprichii
37,82.19249387,0.204542455,0.016913728,Halophila Ovalis
38,32.10677083,0.391080177,0.109366626,Thalassia Hemprichii
39,87.32297794,0.351071573,0.032161146,Thalassia Hemprichii
40,169.7462623,0.252179626,0.113031066,Enhalus Acoroides
41,39.86950061,0.365756943,0.035218762,Enhalus Acoroides
42,91.42247243,0.271491996,0.02315251,Halophila Ovalis
43,33.60707721,0.38309642,0.110482325,Thalassia Hemprichii
44,32.68200061,0.382220903,0.101270915,Thalassia Hemprichii
45,108.9776961,0.344076882,0.099974945,Halophila Ovalis
46,65.5217065,0.220847749,0.017979279,Halophila Ovalis
47,62.85030637,0.435995698,0.135534347,Thalassia Hemprichii
48,80.31640625,0.303779016,0.062542921,Halophila Ovalis
49,94.6676777,0.36408913,0.118555927,Halophila Ovalis
50,90.99401042,0.399763184,0.102995159,Thalassia Hemprichii
51,227.6076134,0.130181501,0.014710589,Enhalus Acoroides
52,127.8255668,0.230920514,0.072149742,Enhalus Acoroides
53,53.24782475,0.372363114,0.09641702,Halophila Ovalis
54,39.60782782,0.288676657,0.023253361,Thalassia Hemprichii
55,36.79787071,0.368793403,0.090059697,Thalassia Hemprichii
56,30.89076287,0.465313519,0.124762989,Enhalus Acoroides
57,151.4155178,0.272726273,0.128809706,Enhalus Acoroides
58,55.47689951,0.335200947,0.061875959,Halophila Ovalis
59,85.16029412,0.265287434,0.029884459,Halophila Ovalis
60,57.40900735,0.359446988,0.09967888,Halophila Ovalis
61,79.81629902,0.391866376,0.14846368,Halophila Ovalis
62,81.48717831,0.332905369,0.099482471,Halophila Ovalis
63,31.66852022,0.431437318,0.044196065,Enhalus Acoroides
64,38.76228554,0.259555782,0.02171874,Thalassia Hemprichii
65,32.3455576,0.279198038,0.022972002,Thalassia Hemprichii
66,96.92982537,0.362184574,0.116800684,Halophila Ovalis
67,31.36435355,0.277941353,0.022977729,Thalassia Hemprichii
68,33.80058211,0.270467467,0.022462089,Thalassia Hemprichii
69,82.89745711,0.279288677,0.023670675,Halophila Ovalis
70,43.15078125,0.383249034,0.043785701,Enhalus Acoroides
71,31.29609375,0.427712055,0.044689368,Enhalus Acoroides
72,81.48037684,0.363346125,0.096224743,Halophila Ovalis
73,30.7323223,0.344982207,0.027847476,Thalassia Hemprichii
74,37.64132966,0.435916316,0.105809308,Enhalus Acoroides
75,69.46185662,0.428640496,0.122294135,Thalassia Hemprichii
76,35.65867034,0.321384533,0.036168468,Thalassia Hemprichii
77,16.66560968,0.366964673,0.036364744,Enhalus Acoroides
78,120.6575368,0.166044606,0.017066374,Enhalus Acoroides
79,38.75150123,0.259631707,0.02170806,Thalassia Hemprichii
80,86.79220282,0.36977916,0.057609305,Thalassia Hemprichii
81,97.58780637,0.278511184,0.108193757,Enhalus Acoroides
82,86.96429228,0.372227715,0.0588001,Thalassia Hemprichii
83,35.89684436,0.301065259,0.024178601,Thalassia Hemprichii
84,27.15696998,0.476925352,0.099684535,Enhalus Acoroides
85,92.4676011,0.312040735,0.03336546,Halophila Ovalis
86,80.10355392,0.39219405,0.14863333,Halophila Ovalis
87,69.19136029,0.344657077,0.111399664,Halophila Ovalis
88,187.8780331,0.146816473,0.01560275,Enhalus Acoroides
89,42.60611213,0.39275824,0.054639346,Enhalus Acoroides
90,107.1823836,0.233360986,0.057966332,Enhalus Acoroides
91,106.5961857,0.285259023,0.128418435,Enhalus Acoroides
92,32.34088542,0.381557872,0.098525442,Thalassia Hemprichii
93,85.13046875,0.38314151,0.133692617,Halophila Ovalis
94,19.52391238,0.34204971,0.034257315,Enhalus Acoroides
95,97.53114277,0.291815406,0.131054954,Enhalus Acoroides
96,189.2603248,0.181118951,0.035460819,Enhalus Acoroides
97,227.6076134,0.130181501,0.014710589,Enhalus Acoroides
98,79.11043199,0.385077314,0.130953753,Halophila Ovalis
99,92.9847886,0.435166335,0.134588632,Thalassia Hemprichii
100,82.68111213,0.35893137,0.09068576,Halophila Ovalis
101,107.1477328,0.306703606,0.038704684,Halophila Ovalis
102,144.6059283,0.156368983,0.016401383,Enhalus Acoroides
103,27.58938419,0.285706494,0.023617479,Thalassia Hemprichii
104,33.10989583,0.448973106,0.105124101,Enhalus Acoroides
105,74.34618566,0.286255689,0.024189515,Halophila Ovalis
106,57.15467218,0.351647542,0.028079255,Thalassia Hemprichii
107,80.3759038,0.332015374,0.102771898,Halophila Ovalis
108,227.6076134,0.130181501,0.014710589,Enhalus Acoroides
109,184.398223,0.205151588,0.060588898,Enhalus Acoroides
110,68.45661765,0.391439926,0.06499529,Thalassia Hemprichii
111,84.61757047,0.260777565,0.028127966,Halophila Ovalis
112,86.69010417,0.341606429,0.027576189,Thalassia Hemprichii
113,38.76228554,0.259555782,0.02171874,Thalassia Hemprichii
114,37.15395221,0.37524667,0.097459071,Thalassia Hemprichii
115,34.64250919,0.434973534,0.082022088,Enhalus Acoroides
116,32.88203125,0.428747597,0.060950843,Enhalus Acoroides
117,33.07653186,0.457031031,0.113156481,Enhalus Acoroides
118,54.67974877,0.350175481,0.075656912,Halophila Ovalis
119,30.90928309,0.343862122,0.027699239,Thalassia Hemprichii
120,99.07708333,0.418994766,0.118894614,Thalassia Hemprichii
121,69.27248775,0.251711657,0.019485562,Halophila Ovalis
122,72.95594363,0.370113371,0.094476758,Halophila Ovalis
123,18.41505821,0.39882458,0.038803382,Enhalus Acoroides
124,34.12719056,0.280405164,0.023072767,Thalassia Hemprichii
125,82.614231,0.287203248,0.048201419,Halophila Ovalis
126,64.66983762,0.332957642,0.081471243,Halophila Ovalis
127,38.76228554,0.259555782,0.02171874,Thalassia Hemprichii
128,135.7213695,0.171452462,0.017193858,Enhalus Acoroides
129,34.3361826,0.26796777,0.022356845,Thalassia Hemprichii
130,72.42034314,0.384176213,0.061658183,Thalassia Hemprichii
131,84.23727022,0.378778597,0.127636208,Halophila Ovalis
132,39.40572917,0.326865651,0.048014117,Thalassia Hemprichii
133,83.22617953,0.272059352,0.035365935,Halophila Ovalis
134,68.42810968,0.308613686,0.056992455,Halophila Ovalis
135,74.29002757,0.393639454,0.073477958,Thalassia Hemprichii
136,85.61999081,0.257998095,0.027121149,Halophila Ovalis
137,74.31211703,0.287280881,0.024237806,Halophila Ovalis
138,111.4718137,0.280739472,0.023670236,Halophila Ovalis
139,227.6076134,0.130181501,0.014710589,Enhalus Acoroides
140,76.00324755,0.287141422,0.02417482,Halophila Ovalis
141,91.42247243,0.271491996,0.02315251,Halophila Ovalis
142,89.70068934,0.29794926,0.133269147,Enhalus Acoroides
143,70.77348346,0.314026719,0.076666887,Halophila Ovalis
144,91.20355392,0.2700875,0.023151477,Halophila Ovalis
145,73.02663909,0.407481044,0.093285793,Thalassia Hemprichii
146,85.15194547,0.255532357,0.024217679,Halophila Ovalis
147,33.01050858,0.455757241,0.114675536,Enhalus Acoroides
148,68.40470282,0.38141413,0.049845747,Thalassia Hemprichii
149,91.46890319,0.269443504,0.023075129,Halophila Ovalis
150,91.42247243,0.271491996,0.02315251,Halophila Ovalis
151,38.75150123,0.259631707,0.02170806,Thalassia Hemprichii
152,38.14554228,0.348847207,0.068813674,Thalassia Hemprichii
153,39.7609375,0.416465441,0.078061144,Enhalus Acoroides
154,23.26911765,0.317257204,0.031892235,Enhalus Acoroides
155,45.02192096,0.299942892,0.032187021,Thalassia Hemprichii
156,149.3082874,0.2727607,0.131765683,Enhalus Acoroides
157,91.46890319,0.269443504,0.023075129,Halophila Ovalis
158,87.52098652,0.385730832,0.082772886,Thalassia Hemprichii
159,67.28221507,0.218206051,0.017863086,Halophila Ovalis
160,101.1084099,0.333205826,0.066010478,Halophila Ovalis
161,42.55943627,0.398482373,0.064943603,Enhalus Acoroides
162,183.9107843,0.211322792,0.068367376,Enhalus Acoroides
163,91.46890319,0.269443504,0.023075129,Halophila Ovalis
164,35.23693321,0.334948914,0.027046513,Thalassia Hemprichii
165,36.12025123,0.440285593,0.113050143,Enhalus Acoroides
166,67.49675245,0.218356088,0.017823231,Halophila Ovalis
167,132.5960325,0.185635304,0.023276028,Enhalus Acoroides
168,138.8313879,0.15887386,0.0165945,Enhalus Acoroides
169,38.76228554,0.259555782,0.02171874,Thalassia Hemprichii
170,31.05223652,0.424636935,0.040733983,Enhalus Acoroides
171,112.7020527,0.214666894,0.042312369,Enhalus Acoroides
172,97.10199142,0.293682224,0.132999967,Enhalus Acoroides
173,34.99928002,0.341195762,0.052810279,Thalassia Hemprichii
174,62.36375613,0.443645127,0.13522637,Thalassia Hemprichii
175,82.19249387,0.204542455,0.016913728,Halophila Ovalis
176,81.17274816,0.357657023,0.086840279,Halophila Ovalis
177,61.5816636,0.412923446,0.091201109,Thalassia Hemprichii
178,92.26386336,0.374976957,0.134138979,Halophila Ovalis
179,91.46890319,0.269443504,0.023075129,Halophila Ovalis
180,180.5446078,0.221739572,0.078910457,Enhalus Acoroides
181,59.75196078,0.342888231,0.082018073,Halophila Ovalis
182,191.9925551,0.163160336,0.022249137,Enhalus Acoroides
183,38.75150123,0.259631707,0.02170806,Thalassia Hemprichii
184,61.30540748,0.388733047,0.075290768,Thalassia Hemprichii
185,67.19751838,0.409385492,0.091296427,Thalassia Hemprichii
186,20.06295956,0.347711273,0.034437225,Enhalus Acoroides
187,38.63180147,0.434800889,0.11635774,Enhalus Acoroides
188,61.58345588,0.372478208,0.047573972,Thalassia Hemprichii
189,17.40260417,0.360060613,0.035774783,Enhalus Acoroides
190,95.23472733,0.292949363,0.130879815,Enhalus Acoroides
191,95.88693321,0.423437596,0.132529087,Thalassia Hemprichii
192,28.20399816,0.396445095,0.092115531,Thalassia Hemprichii
193,85.8879902,0.379987591,0.130251957,Halophila Ovalis
194,127.6448223,0.16335368,0.016862455,Enhalus Acoroides
195,97.37876838,0.422374094,0.132387456,Thalassia Hemprichii
196,112.1737286,0.255894998,0.088228397,Enhalus Acoroides
197,92.86700368,0.433878644,0.13308574,Thalassia Hemprichii
198,36.73382353,0.425717442,0.082588704,Enhalus Acoroides
199,30.1462163,0.391237995,0.102460475,Thalassia Hemprichii
200,76.42058824,0.334838616,0.097435224,Halophila Ovalis
201,61.80349265,0.352458244,0.1052645,Halophila Ovalis
202,35.23693321,0.334948914,0.027046513,Thalassia Hemprichii
203,53.84252451,0.346889173,0.027871419,Thalassia Hemprichii
204,82.82657782,0.289915177,0.050186152,Halophila Ovalis
205,193.5466759,0.148473866,0.015738669,Enhalus Acoroides
206,162.9443321,0.258205703,0.121416663,Enhalus Acoroides
207,192.8727175,0.175668856,0.030455261,Enhalus Acoroides
208,178.2700368,0.22916943,0.090514349,Enhalus Acoroides
209,147.1462163,0.275553611,0.13173505,Enhalus Acoroides
210,31.19108456,0.344767548,0.027669129,Thalassia Hemprichii
211,38.75150123,0.259631707,0.02170806,Thalassia Hemprichii
212,27.6964614,0.396203915,0.090356431,Thalassia Hemprichii
213,32.15634191,0.362367427,0.078026503,Thalassia Hemprichii
214,81.02141544,0.336480952,0.107359669,Halophila Ovalis
215,126.5683364,0.202856608,0.040291891,Enhalus Acoroides
216,62.98477328,0.35442469,0.106621705,Halophila Ovalis
217,39.56816789,0.422870958,0.090527399,Enhalus Acoroides
218,81.17864583,0.388532723,0.144375818,Halophila Ovalis
219,31.45637255,0.389852088,0.11110033,Thalassia Hemprichii
220,96.94137561,0.324221069,0.055954935,Halophila Ovalis
221,59.72794118,0.348201446,0.090157524,Halophila Ovalis
222,101.5348805,0.413747548,0.110194601,Thalassia Hemprichii
223,107.2967065,0.346442612,0.104020621,Halophila Ovalis
224,33.98995098,0.436725748,0.083695532,Enhalus Acoroides
225,27.90265012,0.469266881,0.105787901,Enhalus Acoroides
226,35.23693321,0.334948914,0.027046513,Thalassia Hemprichii
227,37.454519,0.403881,0.041708864,Enhalus Acoroides
228,41.9877451,0.406153785,0.071148936,Enhalus Acoroides
229,104.8182598,0.295840542,0.025630378,Halophila Ovalis
230,23.26548713,0.31768084,0.031906747,Enhalus Acoroides
231,89.28002451,0.388772774,0.149051754,Halophila Ovalis
232,97.68848039,0.423217348,0.124678824,Thalassia Hemprichii
233,196.3870711,0.156290425,0.017392809,Enhalus Acoroides
234,63.16148897,0.441444537,0.134803488,Thalassia Hemprichii
235,31.90951287,0.27496295,0.02286873,Thalassia Hemprichii
236,78.09908088,0.283305618,0.02388035,Halophila Ovalis
237,62.07529105,0.435056241,0.13502552,Thalassia Hemprichii
238,141.5175398,0.157139094,0.016501273,Enhalus Acoroides
239,97.86037071,0.421075375,0.131158932,Thalassia Hemprichii
240,227.6076134,0.130181501,0.014710589,Enhalus Acoroides
241,43.38204657,0.324942797,0.050009301,Thalassia Hemprichii
242,23.26911765,0.317257204,0.031892235,Enhalus Acoroides
243,71.59044118,0.357036121,0.029605664,Thalassia Hemprichii
244,76.38506434,0.344464857,0.096724274,Halophila Ovalis
245,59.96268382,0.323350073,0.058848258,Halophila Ovalis
246,40.95431985,0.419905339,0.093389251,Enhalus Acoroides
247,42.37867647,0.337921582,0.063170323,Thalassia Hemprichii
248,60.54142157,0.433071314,0.129938588,Thalassia Hemprichii
249,59.71780025,0.229935883,0.018573717,Halophila Ovalis
250,82.96282169,0.279004165,0.023657424,Halophila Ovalis
251,76.34016544,0.344936749,0.097004367,Halophila Ovalis
252,77.10543811,0.387560083,0.131133829,Halophila Ovalis
253,62.6526348,0.307167191,0.050234867,Halophila Ovalis
254,27.95324755,0.390780603,0.086896716,Thalassia Hemprichii
255,82.83172488,0.279230798,0.023664793,Halophila Ovalis
256,91.42247243,0.271491996,0.02315251,Halophila Ovalis
257,23.26911765,0.317257204,0.031892235,Enhalus Acoroides
258,227.6076134,0.130181501,0.014710589,Enhalus Acoroides
259,91.20355392,0.2700875,0.023151477,Halophila Ovalis
260,109.2696538,0.288130841,0.133291293,Enhalus Acoroides
261,227.6144455,0.130205512,0.014708571,Enhalus Acoroides
262,23.26911765,0.317257204,0.031892235,Enhalus Acoroides
263,38.34990809,0.369517783,0.09929323,Thalassia Hemprichii
264,56.68301164,0.232310108,0.018648943,Halophila Ovalis
265,23.26548713,0.31768084,0.031906747,Enhalus Acoroides
266,32.56875,0.272927382,0.02265162,Thalassia Hemprichii
267,148.8398744,0.274539135,0.130448639,Enhalus Acoroides
268,81.33094363,0.372118323,0.106683306,Halophila Ovalis
269,58.43939951,0.326755171,0.05999837,Halophila Ovalis
270,19.49387255,0.341928091,0.034242708,Enhalus Acoroides
271,35.61412377,0.440461594,0.109284139,Enhalus Acoroides
272,36.76614583,0.442288022,0.114783477,Enhalus Acoroides
273,109.4241575,0.299642581,0.032751363,Halophila Ovalis
274,93.73651961,0.353749453,0.095885949,Halophila Ovalis
275,30.93299632,0.465242671,0.125882141,Enhalus Acoroides
276,46.1881587,0.287523847,0.024996893,Thalassia Hemprichii
277,35.23693321,0.334948914,0.027046513,Thalassia Hemprichii
278,81.83550858,0.281411243,0.023780897,Halophila Ovalis
279,93.35214461,0.340768899,0.078797457,Halophila Ovalis
280,31.07351409,0.388031014,0.100880408,Thalassia Hemprichii
281,74.14443934,0.409305267,0.096301045,Thalassia Hemprichii
282,87.44926471,0.321093219,0.039387957,Halophila Ovalis
283,96.93163297,0.415044808,0.127274197,Thalassia Hemprichii
284,70.54901961,0.420534682,0.115601095,Thalassia Hemprichii
285,17.0993413,0.385227466,0.037739157,Enhalus Acoroides
286,104.2201593,0.393760861,0.083874025,Thalassia Hemprichii
287,42.20240502,0.393671133,0.054775755,Enhalus Acoroides
288,113.3057445,0.171671065,0.017408237,Enhalus Acoroides
289,88.51453738,0.387756749,0.145397633,Halophila Ovalis
290,92.20441176,0.434049485,0.13250966,Thalassia Hemprichii
291,189.6522059,0.181303064,0.036746164,Enhalus Acoroides
292,96.15716912,0.322695051,0.052184926,Halophila Ovalis
293,102.9259804,0.261292013,0.088712139,Enhalus Acoroides
294,91.42247243,0.271491996,0.02315251,Halophila Ovalis
295,76.11709559,0.341264615,0.105033908,Halophila Ovalis
296,227.6144455,0.130205512,0.014708571,Enhalus Acoroides
297,31.71516544,0.381879824,0.095821651,Thalassia Hemprichii
298,82.19249387,0.204542455,0.016913728,Halophila Ovalis
299,38.76228554,0.259555782,0.02171874,Thalassia Hemprichii
300,22.31969975,0.380169137,0.037177327,Enhalus Acoroides
301,57.20401348,0.234711975,0.018738016,Halophila Ovalis
302,28.05981924,0.38832372,0.081574182,Thalassia Hemprichii
303,40.3166973,0.354994548,0.086486365,Thalassia Hemprichii
304,34.68737745,0.311540436,0.028304324,Thalassia Hemprichii
305,99.47268689,0.347767927,0.097197838,Halophila Ovalis
306,23.26911765,0.317257204,0.031892235,Enhalus Acoroides
307,67.24518995,0.358774567,0.118622921,Halophila Ovalis
308,23.26911765,0.317257204,0.031892235,Enhalus Acoroides
309,80.62064951,0.331423263,0.101627565,Halophila Ovalis
310,82.19249387,0.204542455,0.016913728,Halophila Ovalis
311,58.58143382,0.236225681,0.018708359,Halophila Ovalis
312,36.00854779,0.382767521,0.099603276,Thalassia Hemprichii
313,38.42300858,0.438462965,0.120898008,Enhalus Acoroides
314,77.46456801,0.421614737,0.104361259,Thalassia Hemprichii
315,34.46334252,0.451965317,0.1114191,Enhalus Acoroides
316,69.98805147,0.344995139,0.117477464,Halophila Ovalis
317,41.23126532,0.418445081,0.091243901,Enhalus Acoroides
318,80.49238664,0.391494354,0.147010572,Halophila Ovalis
319,30.92890625,0.344768041,0.027711509,Thalassia Hemprichii
320,35.30067402,0.388846946,0.095981577,Thalassia Hemprichii
321,82.19413297,0.204526923,0.016914685,Halophila Ovalis
322,23.26548713,0.31768084,0.031906747,Enhalus Acoroides
323,31.00677083,0.345212857,0.027783603,Thalassia Hemprichii
324,105.0471661,0.388546001,0.077989261,Thalassia Hemprichii
325,90.85281863,0.288970422,0.116904933,Enhalus Acoroides
326,23.26548713,0.31768084,0.031906747,Enhalus Acoroides
327,39.7073223,0.419010719,0.081686377,Enhalus Acoroides
328,43.53855699,0.378704045,0.037690338,Enhalus Acoroides
329,35.23693321,0.334948914,0.027046513,Thalassia Hemprichii
330,91.46890319,0.269443504,0.023075129,Halophila Ovalis
331,35.75995711,0.402883567,0.03861812,Enhalus Acoroides
332,72.05456495,0.289285681,0.024362968,Halophila Ovalis
333,82.19249387,0.204542455,0.016913728,Halophila Ovalis
334,181.6893995,0.216418043,0.07416899,Enhalus Acoroides
335,18.72694547,0.348340081,0.034841466,Enhalus Acoroides
336,45.28737745,0.275896912,0.022538949,Thalassia Hemprichii
337,85.45628064,0.380385908,0.130304354,Halophila Ovalis
338,84.00825674,0.277235661,0.039578429,Halophila Ovalis
339,31.17455576,0.452481511,0.089252742,Enhalus Acoroides
340,16.02222733,0.380265416,0.037278183,Enhalus Acoroides
341,124.585723,0.179670967,0.018686148,Enhalus Acoroides
342,31.77284007,0.274547232,0.022791155,Thalassia Hemprichii
343,128.1913143,0.162342603,0.016845964,Enhalus Acoroides
344,82.19413297,0.204526923,0.016914685,Halophila Ovalis
345,123.3795037,0.253987744,0.098933855,Enhalus Acoroides
346,27.44977022,0.393700627,0.091588786,Thalassia Hemprichii
347,33.96049326,0.378939695,0.10830224,Thalassia Hemprichii
348,91.46890319,0.269443504,0.023075129,Halophila Ovalis
349,71.90680147,0.42466891,0.115310406,Thalassia Hemprichii
350,42.78579963,0.388932282,0.045534945,Enhalus Acoroides
351,55.98786765,0.24065598,0.01898189,Halophila Ovalis
352,34.38573836,0.450193122,0.112216497,Enhalus Acoroides
353,64.22297794,0.222037703,0.018043032,Halophila Ovalis
354,88.13175551,0.377825308,0.068849059,Thalassia Hemprichii
355,38.76228554,0.259555782,0.02171874,Thalassia Hemprichii
356,58.1314951,0.31957776,0.049573855,Halophila Ovalis
357,65.4464614,0.433752363,0.132648424,Thalassia Hemprichii
358,28.30909926,0.473573159,0.116460028,Enhalus Acoroides
359,25.63236826,0.485608011,0.117285661,Enhalus Acoroides
360,43.9230239,0.318624666,0.047001206,Thalassia Hemprichii
361,76.26801471,0.344431158,0.09550962,Halophila Ovalis
362,38.76228554,0.259555782,0.02171874,Thalassia Hemprichii
363,82.51407782,0.279712963,0.023651194,Halophila Ovalis
364,82.19413297,0.204526923,0.016914685,Halophila Ovalis
365,153.2719056,0.268006684,0.128662544,Enhalus Acoroides
366,29.0513174,0.350137041,0.028023852,Thalassia Hemprichii
367,85.56318934,0.389882891,0.145582137,Halophila Ovalis
368,41.91979167,0.404013958,0.067459919,Enhalus Acoroides
369,133.1882047,0.196574865,0.034851642,Enhalus Acoroides
370,227.6076134,0.130181501,0.014710589,Enhalus Acoroides
371,31.08036152,0.345862025,0.027776938,Thalassia Hemprichii
372,67.3560049,0.218847912,0.017800908,Halophila Ovalis
373,84.32835478,0.261929106,0.028213635,Halophila Ovalis
374,169.6884191,0.251892179,0.11089197,Enhalus Acoroides
375,36.09551164,0.444151492,0.116630231,Enhalus Acoroides
376,176.8359375,0.231760099,0.091169307,Enhalus Acoroides
377,37.93530944,0.278173773,0.022867807,Thalassia Hemprichii
378,90.81289828,0.398855173,0.102775106,Thalassia Hemprichii
379,59.14298407,0.388677905,0.065876133,Thalassia Hemprichii
380,101.8880974,0.405346038,0.098540173,Thalassia Hemprichii
381,44.8691636,0.306244989,0.036243656,Thalassia Hemprichii
382,32.68540135,0.440765172,0.079656998,Enhalus Acoroides
383,84.57492341,0.256880151,0.026190714,Halophila Ovalis
384,43.14209559,0.284360553,0.023940371,Thalassia Hemprichii
385,169.6437194,0.251640081,0.112976113,Enhalus Acoroides
386,32.1615962,0.456683102,0.126029466,Enhalus Acoroides
387,101.3486979,0.367768945,0.130368688,Halophila Ovalis
388,118.0033548,0.272216478,0.118622167,Enhalus Acoroides
389,59.37824755,0.358331645,0.09858465,Halophila Ovalis
390,38.01478248,0.29774057,0.024768451,Thalassia Hemprichii
391,41.12526042,0.419948672,0.093393559,Enhalus Acoroides
392,52.36717218,0.348063532,0.027874624,Thalassia Hemprichii
393,38.75150123,0.259631707,0.02170806,Thalassia Hemprichii
394,42.74191176,0.39499489,0.059596509,Enhalus Acoroides
395,34.47437194,0.294930053,0.023886385,Thalassia Hemprichii
396,96.53144914,0.425872333,0.134251362,Thalassia Hemprichii
397,34.35438113,0.451209337,0.110893226,Enhalus Acoroides
398,36.78279718,0.375668232,0.093514232,Thalassia Hemprichii
399,227.6076134,0.130181501,0.014710589,Enhalus Acoroides
400,34.00193015,0.267026317,0.022376669,Thalassia Hemprichii
401,97.67954963,0.419409691,0.129016945,Thalassia Hemprichii
402,35.23196998,0.335018353,0.027052252,Thalassia Hemprichii
403,82.19249387,0.204542455,0.016913728,Halophila Ovalis
404,58.75243566,0.356894266,0.102263676,Halophila Ovalis
405,68.10191483,0.39808038,0.072789023,Thalassia Hemprichii
406,93.68765319,0.408041176,0.114548425,Thalassia Hemprichii
407,75.1323223,0.396752132,0.077332397,Thalassia Hemprichii
408,18.07078738,0.357753078,0.035394467,Enhalus Acoroides
409,27.82000613,0.468276384,0.101365803,Enhalus Acoroides
410,56.31325061,0.349556116,0.081410028,Halophila Ovalis
411,38.75150123,0.259631707,0.02170806,Thalassia Hemprichii
412,96.24563419,0.297331702,0.138508246,Enhalus Acoroides
413,19.14019608,0.344556505,0.03446005,Enhalus Acoroides
414,33.19428615,0.384241846,0.10953562,Thalassia Hemprichii
415,64.52179841,0.284539503,0.031017641,Halophila Ovalis
416,42.79557292,0.367721143,0.035338438,Enhalus Acoroides
417,82.28681066,0.288111618,0.051337111,Halophila Ovalis
418,103.3275429,0.338590272,0.027221429,Thalassia Hemprichii
419,82.19413297,0.204526923,0.016914685,Halophila Ovalis
420,34.04785539,0.380450116,0.110702217,Thalassia Hemprichii
421,227.6076134,0.130181501,0.014710589,Enhalus Acoroides
422,180.9802543,0.223317092,0.080291225,Enhalus Acoroides
423,79.19436275,0.309786757,0.070491652,Halophila Ovalis
424,71.86504289,0.299517947,0.052087232,Halophila Ovalis
425,99.76585478,0.416797017,0.116399454,Thalassia Hemprichii
426,28.61764706,0.472185168,0.124442119,Enhalus Acoroides
427,23.26548713,0.31768084,0.031906747,Enhalus Acoroides
428,122.4125153,0.255498067,0.101562208,Enhalus Acoroides
429,35.59659926,0.38557736,0.094014045,Thalassia Hemprichii
430,97.79891238,0.422434079,0.131399453,Thalassia Hemprichii
431,23.26911765,0.317257204,0.031892235,Enhalus Acoroides
432,68.00635723,0.332358659,0.094157985,Halophila Ovalis
433,38.76228554,0.259555782,0.02171874,Thalassia Hemprichii
434,100.8486673,0.262002346,0.086318436,Enhalus Acoroides
435,38.30531556,0.342554284,0.059467124,Thalassia Hemprichii
436,91.26636029,0.36154708,0.104392666,Halophila Ovalis
437,63.55045956,0.223900822,0.018130765,Halophila Ovalis
438,40.6272212,0.31511268,0.039595544,Thalassia Hemprichii
439,56.12725184,0.439301745,0.124362611,Thalassia Hemprichii
440,81.79742647,0.331574956,0.097628992,Halophila Ovalis
441,61.0832261,0.396969744,0.081480577,Thalassia Hemprichii
442,74.64345895,0.287163981,0.024185445,Halophila Ovalis
443,63.8239277,0.22399056,0.018127157,Halophila Ovalis
444,77.4511489,0.285009654,0.024053326,Halophila Ovalis
445,179.3090993,0.221888757,0.082688076,Enhalus Acoroides
446,91.42247243,0.271491996,0.02315251,Halophila Ovalis
447,129.4939951,0.162568631,0.016836262,Enhalus Acoroides
448,82.79992341,0.293277109,0.053333771,Halophila Ovalis
449,18.38935355,0.364277522,0.035930315,Enhalus Acoroides
450,82.19413297,0.204526923,0.016914685,Halophila Ovalis
451,92.182644,0.298037315,0.024641578,Halophila Ovalis
452,79.5176011,0.282127209,0.023922125,Halophila Ovalis
453,84.93943015,0.384730465,0.135059099,Halophila Ovalis
454,62.11606924,0.312002609,0.051473944,Halophila Ovalis
455,78.33033088,0.317365642,0.08074851,Halophila Ovalis
456,173.7371324,0.243450016,0.101652873,Enhalus Acoroides
457,35.23693321,0.334948914,0.027046513,Thalassia Hemprichii
458,35.23196998,0.335018353,0.027052252,Thalassia Hemprichii
459,227.6144455,0.130205512,0.014708571,Enhalus Acoroides
460,29.48956801,0.287362739,0.023566151,Thalassia Hemprichii
461,83.36775429,0.387439266,0.139811899,Halophila Ovalis
462,67.30839461,0.40022849,0.144181767,Halophila Ovalis
463,113.6890165,0.243184855,0.075595294,Enhalus Acoroides
464,40.39119179,0.277773671,0.022772555,Thalassia Hemprichii
465,23.26548713,0.31768084,0.031906747,Enhalus Acoroides
466,45.13419118,0.299052753,0.032134371,Thalassia Hemprichii
467,76.03198529,0.341735724,0.100649624,Halophila Ovalis
468,61.37918199,0.42720834,0.110305731,Thalassia Hemprichii
469,28.99595588,0.390135581,0.092280541,Thalassia Hemprichii
470,105.2230239,0.357021884,0.117004965,Halophila Ovalis
471,40.87544424,0.312989187,0.03748169,Thalassia Hemprichii
472,41.45356924,0.278871413,0.02272092,Thalassia Hemprichii
473,134.088174,0.157380154,0.016492237,Enhalus Acoroides
474,43.59140625,0.378682022,0.038755605,Enhalus Acoroides
475,227.6076134,0.130181501,0.014710589,Enhalus Acoroides
476,42.97907475,0.381099799,0.040706851,Enhalus Acoroides
477,23.26548713,0.31768084,0.031906747,Enhalus Acoroides
478,227.6076134,0.130181501,0.014710589,Enhalus Acoroides
479,227.6144455,0.130205512,0.014708571,Enhalus Acoroides
480,97.47807904,0.379901123,0.142683811,Halophila Ovalis
481,98.39931066,0.29064625,0.12507211,Enhalus Acoroides
482,29.8955576,0.383166839,0.090800642,Thalassia Hemprichii
483,44.55208333,0.31058392,0.040235321,Thalassia Hemprichii
484,76.56744792,0.363178949,0.034670476,Thalassia Hemprichii
485,71.7501685,0.310701914,0.071467891,Halophila Ovalis
486,227.6076134,0.130181501,0.014710589,Enhalus Acoroides
487,56.76007966,0.430397379,0.120480162,Thalassia Hemprichii
488,34.19163603,0.268186767,0.022356924,Thalassia Hemprichii
489,36.03685662,0.382891073,0.097559686,Thalassia Hemprichii
490,126.8609222,0.220884408,0.05304522,Enhalus Acoroides
491,17.00859375,0.362894319,0.035944842,Enhalus Acoroides
492,82.19249387,0.204542455,0.016913728,Halophila Ovalis
493,91.37765012,0.27097427,0.023068355,Halophila Ovalis
494,107.557598,0.263529663,0.101196268,Enhalus Acoroides
495,114.5198529,0.276351056,0.120301612,Enhalus Acoroides
496,83.7714614,0.368302175,0.107993593,Halophila Ovalis
497,108.3573989,0.344260143,0.028922159,Thalassia Hemprichii
498,105.2906863,0.354922223,0.115749135,Halophila Ovalis
499,112.5789982,0.280761595,0.023614133,Halophila Ovalis
500,104.7440564,0.385550111,0.070233261,Thalassia Hemprichii
501,187.4375919,0.197180441,0.051617316,Enhalus Acoroides
502,43.15684743,0.383973293,0.043222909,Enhalus Acoroides
503,127.7118413,0.204451938,0.041203947,Enhalus Acoroides
504,84.52317708,0.269676016,0.033150515,Halophila Ovalis
505,82.71942402,0.373265892,0.114876701,Halophila Ovalis
506,26.55162377,0.397726906,0.087297306,Thalassia Hemprichii
507,36.33587623,0.377704265,0.095542279,Thalassia Hemprichii
508,151.2104167,0.153253866,0.016277662,Enhalus Acoroides
509,35.23196998,0.335018353,0.027052252,Thalassia Hemprichii
510,179.620435,0.220955301,0.079921422,Enhalus Acoroides
511,43.10658701,0.373815704,0.036902402,Enhalus Acoroides
512,110.9921415,0.274559377,0.113390892,Enhalus Acoroides
513,98.2247549,0.415608179,0.114747754,Thalassia Hemprichii
514,27.13648897,0.480255008,0.119465541,Enhalus Acoroides
515,35.23196998,0.335018353,0.027052252,Thalassia Hemprichii
516,61.74905025,0.30751264,0.047158971,Halophila Ovalis
517,81.35874694,0.281623007,0.023801366,Halophila Ovalis
518,56.01934743,0.370881257,0.041985013,Thalassia Hemprichii
519,67.99420956,0.304901197,0.052042935,Halophila Ovalis
520,35.89437806,0.383272581,0.09825166,Thalassia Hemprichii
521,38.30519301,0.284171045,0.023259592,Thalassia Hemprichii
522,88.58743873,0.389228558,0.150751534,Halophila Ovalis
523,81.22807904,0.282275549,0.023847895,Halophila Ovalis
524,59.03328738,0.348883012,0.094243078,Halophila Ovalis
525,100.314905,0.29562106,0.025442022,Halophila Ovalis
526,35.23693321,0.334948914,0.027046513,Thalassia Hemprichii
527,28.56026348,0.470296985,0.10449513,Enhalus Acoroides
528,82.19413297,0.204526923,0.016914685,Halophila Ovalis
529,125.5672335,0.242783401,0.090165087,Enhalus Acoroides
530,98.31104473,0.379687438,0.141551529,Halophila Ovalis
531,23.26911765,0.317257204,0.031892235,Enhalus Acoroides
532,109.5293964,0.280133591,0.124825634,Enhalus Acoroides
533,166.351011,0.258366922,0.118410654,Enhalus Acoroides
534,107.4785386,0.350901775,0.03185084,Thalassia Hemprichii
535,95.35533088,0.430871743,0.135010304,Thalassia Hemprichii
536,31.21139706,0.348946192,0.054779697,Thalassia Hemprichii
537,194.7046262,0.147602167,0.015781406,Enhalus Acoroides
538,195.3105239,0.157127398,0.017729764,Enhalus Acoroides
539,54.37588848,0.369803582,0.095091153,Halophila Ovalis
540,62.42778799,0.430577328,0.129719352,Thalassia Hemprichii
541,35.23196998,0.335018353,0.027052252,Thalassia Hemprichii
542,72.14771752,0.274055931,0.027462482,Halophila Ovalis
543,36.01259191,0.445658127,0.118198315,Enhalus Acoroides
544,94.93042279,0.321768046,0.050248964,Halophila Ovalis
545,34.37617953,0.303405814,0.02402414,Thalassia Hemprichii
546,92.37694547,0.359304636,0.101027212,Halophila Ovalis
547,176.1982077,0.236926391,0.095286763,Enhalus Acoroides
548,80.87786458,0.383222673,0.128197674,Halophila Ovalis
549,36.28992034,0.342668072,0.060731605,Thalassia Hemprichii
550,66.16515012,0.419393362,0.120234224,Thalassia Hemprichii
551,97.72958027,0.423212032,0.125766703,Thalassia Hemprichii
552,23.26911765,0.317257204,0.031892235,Enhalus Acoroides
553,110.3090839,0.342733869,0.097954525,Halophila Ovalis
554,32.26282169,0.455717772,0.107037332,Enhalus Acoroides
555,29.01242341,0.472107392,0.10977242,Enhalus Acoroides
556,140.3653799,0.160152052,0.016635493,Enhalus Acoroides
557,82.73069853,0.388735415,0.142963902,Halophila Ovalis
558,18.63005515,0.347802877,0.034768612,Enhalus Acoroides
559,40.13820466,0.428708052,0.105235418,Enhalus Acoroides
560,115.7338388,0.268249338,0.115329737,Enhalus Acoroides
561,82.19413297,0.204526923,0.016914685,Halophila Ovalis
562,31.28278186,0.397721626,0.11204784,Thalassia Hemprichii
563,57.52143076,0.393326358,0.071884069,Thalassia Hemprichii
564,38.49992341,0.365892219,0.091409564,Thalassia Hemprichii
565,33.20396752,0.351077995,0.065658881,Thalassia Hemprichii
566,88.91904105,0.303090314,0.13347955,Enhalus Acoroides
567,38.43019301,0.335456853,0.052915619,Thalassia Hemprichii
568,69.42679228,0.322807774,0.083722872,Halophila Ovalis
569,87.75657169,0.375405005,0.066264507,Thalassia Hemprichii
570,40.2964614,0.317888368,0.040586617,Thalassia Hemprichii
571,92.28140319,0.358668843,0.101712,Halophila Ovalis
572,29.46372549,0.349908049,0.028030669,Thalassia Hemprichii
573,34.87630208,0.345454943,0.066170901,Thalassia Hemprichii
574,149.5187194,0.156070351,0.016311515,Enhalus Acoroides
575,107.1195466,0.349061204,0.105982888,Halophila Ovalis
576,32.53935355,0.420966824,0.044225204,Enhalus Acoroides
577,94.82086397,0.432031031,0.134048986,Thalassia Hemprichii
578,56.78071385,0.343630891,0.081028646,Halophila Ovalis
579,116.3634498,0.272420891,0.115825081,Enhalus Acoroides
580,63.06599265,0.277614945,0.022888244,Halophila Ovalis
581,23.26911765,0.317257204,0.031892235,Enhalus Acoroides
582,31.15923713,0.345028877,0.027733211,Thalassia Hemprichii
583,29.12740502,0.349377159,0.028005026,Thalassia Hemprichii
584,35.7511489,0.429986606,0.084207953,Enhalus Acoroides
585,18.36659007,0.352685293,0.035063734,Enhalus Acoroides
586,76.1935815,0.336261775,0.098424957,Halophila Ovalis
587,91.42247243,0.271491996,0.02315251,Halophila Ovalis
588,35.15470282,0.433637374,0.087918369,Enhalus Acoroides
589,76.34584865,0.381076395,0.119506043,Halophila Ovalis
590,35.23196998,0.335018353,0.027052252,Thalassia Hemprichii
591,39.4252451,0.425855592,0.104330031,Enhalus Acoroides
592,128.4976563,0.177905844,0.018025426,Enhalus Acoroides
593,107.2362439,0.364846413,0.045650449,Thalassia Hemprichii
594,85.15401348,0.257930619,0.025919199,Halophila Ovalis
595,80.7100337,0.373246174,0.112083827,Halophila Ovalis
596,91.20355392,0.2700875,0.023151477,Halophila Ovalis
597,69.35350797,0.264390159,0.020039792,Halophila Ovalis
598,132.5080576,0.175769409,0.017686737,Enhalus Acoroides
599,106.8428309,0.366195036,0.046133374,Thalassia Hemprichii
600,79.94041054,0.327045175,0.095767332,Halophila Ovalis
